,Mass1,Mass2,TotMass,ChirpMass,q
unit,Msun,Msun,Msun,Msun,#
0.05,43.261932195123556,23.62063948261472,78.10390835668895,31.81762231578486,1.0511241670055742
0.5,55.387329778219765,34.985329721918454,90.09122210539189,37.45498540164784,1.5770787656472174
0.95,71.19727059430797,46.61900834258474,107.38046977441333,45.27622412757159,2.7500238873805243
