,Mass1,Mass2,TotMass,ChirpMass,q,spin1,spin2
unit,Msun,Msun,Msun,Msun,#,#,#
0.05,25.179868849495296,25.179868849495296,50.35973769899059,21.920349010650654,1.0,-0.4298999538280556,-0.5324996873456734
0.5,30.755696502788716,30.755696502788716,61.51139300557743,26.774388915067345,1.0,-0.02160975366562827,-0.02514985176895117
0.95,38.078487088847766,38.078487088847766,76.15697417769553,33.1492483846606,1.0,0.25877401929084093,0.40016022086381314
