,Mass1,Mass2,TotMass,ChirpMass,q
unit,Msun,Msun,Msun,Msun,#
0.05,30.549127854095023,30.549127854095023,61.098255708190045,26.594560461587733,1.0
0.5,35.26826649752064,35.26826649752064,70.53653299504128,30.702809265894413,1.0
0.95,42.702518102348925,42.702518102348925,85.40503620469785,37.17470118816279,1.0
