,Mass1,Mass2,TotMass,ChirpMass,q,spin1,spin2
unit,Msun,Msun,Msun,Msun,#,#,#
0.05,27.582470528297133,27.582470528297133,55.164941056594266,24.011935255507808,1.0,-0.210442312657628,-0.3688515229918888
0.5,30.53729745009086,30.53729745009086,61.07459490018172,26.58426149671789,1.0,0.06728760611034236,0.033175505697601484
0.95,36.10802983651822,36.10802983651822,72.21605967303644,31.433865713694185,1.0,0.4282015473537833,0.42244353999999984
