,Mass1,Mass2,TotMass,ChirpMass,q,spin1,spin2
unit,Msun,Msun,Msun,Msun,#,#,#
0.05,39.85311741194231,23.807731544995978,72.97566960199492,30.539218770947596,1.0405020538933718,-0.007748880175087564,-0.26854200267657347
0.5,50.05309864692785,33.835006884922706,84.07503545673494,35.29586453767247,1.475085463572154,0.4596110912526224,0.19528496118114813
0.95,66.21448938031534,42.87974835479515,99.92321402839775,41.76856451734089,2.5306668338956833,0.8466616492607792,0.7774590912509278
