,Mass1,Mass2,TotMass,ChirpMass,q,spin1,spin2
unit,Msun,Msun,Msun,Msun,#,#,#
0.05,32.48482418652979,32.48482418652979,64.96964837305958,28.279681994159063,1.0,-0.3138009739393123,-0.4530406342224419
0.5,35.583454796703236,35.583454796703236,71.16690959340647,30.97719661729217,1.0,0.0034435168088422638,-0.022615840653560454
0.95,40.244063506465096,40.244063506465096,80.48812701293019,35.03449215487817,1.0,0.32643871450260414,0.3197198293833326
