,Mass1,Mass2,TotMass,ChirpMass,q,spin1,spin2
unit,Msun,Msun,Msun,Msun,#,#,#
0.05,29.025319078111295,29.025319078111295,58.05063815622259,25.268007873299524,1.0,-0.21781159823213808,-0.3918853045154872
0.5,34.87548989958511,34.87548989958511,69.75097979917022,30.3608773773121,1.0,0.05574712142385001,0.03513421328436392
0.95,43.13580708379989,43.13580708379989,86.27161416759978,37.55190115503493,1.0,0.4354063880825565,0.519490809395301
