,Mass1,Mass2,TotMass,ChirpMass,q
unit,Msun,Msun,Msun,Msun,#
0.05,6.850465739028895,3.1428803540749337,12.960998106820178,5.542180297446722,1.0808049041475287
0.5,8.831156427910605,5.030458481440206,13.909305956445213,5.75367857197985,1.7570145728369744
0.95,15.761588885805349,6.369302017076523,18.936785686564388,5.992771503718699,5.012384721956059
