,Mass1,Mass2,TotMass,ChirpMass,q
unit,Msun,Msun,Msun,Msun,#
0.05,39.85311741194231,39.85311741194231,79.70623482388461,34.69415381207294,1.0
0.5,50.05309864692785,50.05309864692785,100.1061972938557,43.57375322179951,1.0
0.95,66.21448938031534,66.21448938031534,132.42897876063068,57.64306102839873,1.0
