,Mass1,Mass2,TotMass,ChirpMass,q
unit,Msun,Msun,Msun,Msun,#
0.05,16.71749892858426,8.086894425349913,29.64619835197276,12.320226634958523,1.2333160314130973
0.5,23.780736496152542,10.190939666286367,34.0728366545632,13.248413597858994,2.341277382586116
0.95,30.928160834365883,13.734993163730499,39.58107974892864,14.44008818438326,3.738806702942843
