,Mass1,Mass2,TotMass,ChirpMass,q
unit,Msun,Msun,Msun,Msun,#
0.05,10.462282729813657,10.462282729813657,20.924565459627313,9.10794612380259,1.0
0.5,13.692615121217115,13.692615121217115,27.38523024243423,11.920113806772585,1.0
0.95,22.448336906965302,22.448336906965302,44.896673813930605,19.542412339419815,1.0
