,Mass1,Mass2,TotMass,ChirpMass,q
unit,Msun,Msun,Msun,Msun,#
0.05,24.947808654803623,7.40763947110731,34.70121723977494,12.918779001079855,2.532574197451558
0.5,30.05061062057906,8.320395201467521,38.399656122656374,13.25497086059636,3.610840385828355
0.95,34.713882935972435,9.902327376295702,42.164627046842554,13.669807198403651,4.669977604489572
