,Mass1,Mass2,TotMass,ChirpMass,q,spin1,spin2
unit,Msun,Msun,Msun,Msun,#,#,#
0.05,32.702778994487375,21.123616169188047,60.401063201822986,25.456691006205933,0.44440677328836686,-0.30608784001134254,-0.42408069229372786
0.5,39.38072143863884,28.935158785872222,68.46492064337446,29.07002748896163,0.7443810311082739,0.06831817390256611,0.022495357500913086
0.95,50.58419882409075,35.65824616744707,79.258151358949,33.683465495824315,0.9714638741232025,0.53817399099108,0.5626041769060891
