,Mass1,Mass2,TotMass,ChirpMass,q
unit,Msun,Msun,Msun,Msun,#
0.05,9.244053399652566,9.244053399652566,18.488106799305132,8.047415894206992,1.0
0.5,10.958790693937528,10.958790693937528,21.917581387875057,9.540181411651638,1.0
0.95,16.411422516525885,16.411422516525885,32.82284503305177,14.286973116252303,1.0
