,Mass1,Mass2,TotMass,ChirpMass,q
unit,Msun,Msun,Msun,Msun,#
0.05,17.69079512148246,17.69079512148246,35.38159024296492,15.400731658162877,1.0
0.5,23.14307747672564,23.14307747672564,46.28615495345128,20.147219133769344,1.0
0.95,38.060579586547,38.060579586547,76.121159173094,33.13365899844545,1.0
