,Mass1,Mass2,TotMass,ChirpMass,q
unit,Msun,Msun,Msun,Msun,#
0.05,25.179868849495296,25.179868849495296,50.35973769899059,21.920349010650654,1.0
0.5,30.755696502788716,30.755696502788716,61.51139300557743,26.774388915067345,1.0
0.95,38.078487088847766,38.078487088847766,76.15697417769553,33.1492483846606,1.0
